"rgn_name","total_pop2015"
"Kilifi",591573.609916151
"Kwale",226683.061872482
"Lamu",50549.5033535957
"Mombasa",834380.381763458
"Tana River",24596.3898553848
