rgn_id,year,trend
1,2016,0.948171359637508
2,2016,0.948171359637508
3,2016,0.948171359637508
4,2016,0.948171359637508
5,2016,0.948171359637508
6,2016,0.948171359637508
