rgn_id,value
1,0.533561107102833
2,0.533561107102833
3,0.533561107102833
4,0.533561107102833
5,0.533561107102833
6,0.533561107102833
