rgn_id,habitat,year,trend
1,coral,2012,-0.0235814793334537
2,coral,2012,-0.0235814793334537
3,coral,2012,-0.0235814793334537
4,coral,2012,-0.0235814793334537
5,coral,2012,-0.0235814793334537
6,coral,2012,-0.0235814793334537
