rgn_id,resilience.score
1,0.371400951092
2,0.371400951092
3,0.371400951092
4,0.371400951092
5,0.371400951092
6,0.371400951092
