rgn_id,year,score
1,2012,0.008623013
2,2012,0.008623013
3,2012,0.008623013
4,2012,0.008623013
5,2012,0.008623013
6,2012,0.008623013
