rgn_id,year,pressure_score
1,2015,0.506981090944546
2,2015,0.506981090944546
3,2015,0.506981090944546
4,2015,0.506981090944546
5,2015,0.506981090944546
6,2015,0.506981090944546
