rgn_id,pressures.score
1,0.003346545094453
2,0.003346545094453
3,0.003346545094453
4,0.003346545094453
5,0.003346545094453
6,0.003346545094453
