rgn_id,score
1,0.9084931038690947
2,0.9084931038690947
3,0.9084931038690947
4,0.9084931038690947
5,0.9084931038690947
6,0.9084931038690947
