rgn_id,score
1,0.8955679552600012
2,0.8955679552600012
3,0.8955679552600012
4,0.8955679552600012
5,0.8955679552600012
6,0.8955679552600012
