rgn_id,score
1,-0.23240341010662985
2,-0.23240341010662985
3,-0.23240341010662985
4,-0.23240341010662985
5,-0.23240341010662985
6,-0.23240341010662985
