"rgn_name","total_pop2015"
"Kilifi",1233075.04924734
"Kwale",610614.588581562
"Lamu",108837.092179142
"Mombasa",1053867.7020607
"Tana River",74337.1230013967
