rgn_id,rgn_name,totalcover
2,Kilifi,5271.828786
3,Kwale,8790.735143
5,Lamu,31749.73721
1,Mombasa,748.3979696
4,Tana River,1232.36545
