rgn_id,rgn_name,totalcover
2,Kilifi,5478.108889
3,Kwale,8900.163819
5,Lamu,31452.05636
1,Mombasa,715.3509855
4,Tana River,1131.129977
