county_id,rgn_name,area_km2,year
2,Kilifi,81.19002312,1992
3,Kwale,96.7164386,1992
5,Lamu,367.871444,1992
1,Mombasa,30.80317319,1992
4,Tana River,61.60465414,1992
