rgn_id,rgn_name,totalcover,year
3,Kilifi,54.78108889,2014
2,Kwale,89.00163819,2014
5,Lamu,314.5205636,2014
1,Mombasa,7.153509855,2014
4,Tana River,11.31129977,2014
