rgn_id,rgn_name,totalcover,year
2,Kilifi,4644.900185,2011
3,Kwale,9239.490367,2011
5,Lamu,31807.44126,2011
1,Mombasa,1505.97006,2011
4,Tana River,1216.620048,2011
