rgn_id,rgn_name,totalcover,yr
2,Kilifi,5496.02309,2012
3,Kwale,9473.681983,2012
5,Lamu,31219.39284,2012
1,Mombasa,858.7331985,2012
4,Tana River,1268.600098,2012
