rgn_id,rgn_name,area_Km2,year
1,Mombasa,14.54703726,2010
2,Kilifi,54.91116892,2010
3,Kwale,93.71485339,2010
4,Tana River,20.61897705,2010
5,Lamu,353.1178673,2010
