county_id,rgn_name,area_ha,year
2,Kilifi,8119.002312,1992
3,Kwale,9671.64386,1992
5,Lamu,36787.1444,1992
1,Mombasa,3080.317319,1992
4,Tana River,6160.465414,1992
