"rgn_name","total_pop2015"
"Kilifi",1216206.44503374
"Kwale",598643.745094776
"Lamu",108003.034618936
"Mombasa",1012642.21963882
"Tana River",74301.97622329
