county_id,rgn_name,no_take area_km2,12_nm_eez_area_km2
1,Mombasa,10,621.3879956
2,Kilifi,206.5,3623.218655
3,Kwale,34,2039.630663
4,Tana River,0,1445.227922
5,Lamu,0,3130.228095
