rgn_id,rgn_name,reef_area_Km_sq
3,Kilifi,587.0488437
2,Kwale,211.7365543
5,Lamu,1017.094554
1,Mombasa,61.94280166
4,Tana River,499.4411239
