rgn_id,habitat,year,km2
1,coral,2018,61.94280166
2,coral,2018,211.7365543
3,coral,2018,587.0488437
4,coral,2018,499.4411239
5,coral,2018,1017.094554
